domain,use numbers,status(public/private),owner,days,datatime
medgrand.ru,17,private,asdf2014,494,2022-04-02
asthmaindy.org,32,private,zhavoronkov,493,2022-06-03
aguabuena.cl,16,private,nickelsen,492,2022-06-07
orlov-home.ru,14,public,orlovhome,492,2022-05-26
dosopt.ro,12,private,namiahim,490,2022-06-15
myfgv.co,13,private,msyed,490,2022-06-18
darthlabs.es,19,private,darthagus,490,2022-04-19
xn--rm8h.to,6,private,onymous,490,2017-07-17
brasilera.org,26,public,hept,488,2022-06-11
gedosingenieria.cl,4,private,cgalvezp,488,2022-06-15
parakang.com,10,private,xenpao,488,2022-05-02
entrepreneursheadquarters.com,7,private,dillondean,488,2018-01-30
brablog.fi,9,private,onkelf,487,2020-12-04
tecsoluciones.cl,14,private,gneirasourcing,487,2022-06-10
gravity-source.com,19,private,gitllc,486,2022-06-14
ec2018.ru,10,private,formula1sochi,486,2017-12-29
solareprod.cl,12,private,dsverlij,485,2017-07-22
componentsearch.net,26,private,mg32257,485,2021-11-18
hippogriff.tk,14,private,alejandropardo,485,2022-05-22
holymolycakes.ca,10,private,abicelis,484,2021-04-20
soniasstitches.com,5,private,dcb5725,484,2017-09-01
sperle.us,8,private,coreyjlapka,483,2017-07-24
zoxweb.com,16,private,javaconsigliere,482,2022-06-26
unet3.com,23,private,carlosepa,481,2022-06-09
hitto.ru,3,private,astrovlad,481,2017-07-26
quecompro.cl,11,private,fcopizarro,480,2020-09-28
lcerp.ru,11,private,abobkov,480,2022-06-16
nocti.ga,7,private,docg,479,2019-07-18
s-mold.com,26,public,somiok,479,2022-06-28
getwakeup.net,10,private,kingmao8341,478,2022-06-29
mokando.ru,8,private,mokando,477,2021-04-13
oapsa.ar,11,private,chr911,476,2022-06-24
lakangura.cl,12,private,j0nfen,475,2022-06-14
intraconnect.cl,7,private,lgomezcl,475,2022-07-03
yayasanyaphi.org,18,public,punyayaphi,474,2022-07-04
wakaka.cf,6,private,arief009,473,2017-08-03
lotx.ro,18,private,danielm777,472,2021-11-02
btlab.tk,8,private,bensbb,471,2022-04-07
fantasyvenue.net,15,private,phoebesophia,471,2022-06-28
cryptospot.ru,4,private,astrovlad,471,2018-08-18
webuyitformore.com,11,private,uurbgmuahusr,470,2022-04-26
ezahm.ru,11,private,ezahm,469,2022-05-20
acb-22.es,22,public,conceptuando,468,2022-06-30
veteransroofingtn.com,17,private,lukepugliese,467,2022-06-18
iottelecom.ga,14,private,moontee,467,2019-07-06
iglesiapuertadelcielohn.com,10,private,evisionhn,465,2021-04-11
relatio.cl,17,private,gatopresente,465,2022-05-18
vercasta.com,17,private,jumaycito,464,2022-07-13
kylemark.me,6,private,kemark86,463,2017-08-13
nexalfa.com,29,public,ngtsystems,463,2022-07-14
hmcnetworkltd.com,17,private,roddyse,462,2022-05-04
backeditup.com,10,private,jonathanch,462,2022-03-12
tke.me,18,private,matth982,461,2022-05-05
edy-auto.hr,8,private,iarhiva,461,2022-07-05
srv1s.cf,22,private,mksy,460,2022-06-30
brezo.ru,4,private,astrovlad,460,2017-08-16
snuggie.ru,4,private,astrovlad,459,2017-08-17
plataformasalud.ar,11,private,dekixcom,459,2022-07-16
sammekevremde.tk,10,private,sammekevremde,458,2019-03-02
ibagami.ar,18,private,coldiak,457,2022-07-14
v-space.xyz,19,private,cheesemobile,457,2022-06-21
buffacloud.com,33,private,ivanobuffa,456,2022-07-03
williamson.tk,7,private,andyxxxx,455,2020-05-04
vlocate.ch,18,private,vaccuum14,455,2022-07-18
kikitabazar.cl,13,private,manuelcespedes,454,2022-05-30
amaralguerrero.ar,4,private,maxiamaral,454,2022-07-24
ashishlama.com.np,17,public,ashishlama,453,2022-07-22
baddo.ru,3,private,astrovlad,453,2017-08-23
qizz.ru,3,private,astrovlad,453,2017-08-23
chatchu.org,19,private,cas79,452,2022-02-06
qc1.tw,20,private,yang8682001,452,2022-07-08
mercaditonatural.cl,10,private,moleculare,448,2021-10-13
vetoquinolcollateral.au,6,private,spotpro,448,2022-04-28
media-sud.ro,21,public,mrdiasudtv,448,2022-07-11
mynipp.cl,19,public,lesfilles,448,2022-07-15
robot-agachado.org,19,public,avillavi,447,2022-07-25
afrengineering-cd.com,18,public,bpolombwe,446,2022-07-30
tobiaskasander.nl,17,private,tobiaskasander09,446,2022-07-12
swondude.com,21,public,avillavi,445,2022-07-25
quzzastudio.com,7,private,quzzateam,444,2022-07-21
xyazo.com,6,private,syntereo,444,2022-07-07
vocca.ru,3,private,astrovlad,443,2017-09-02
empliance.co.za,22,private,rlimbanda,442,2022-02-02
qioubi.me,6,private,qioubi,440,2019-07-17
yael.ch,11,private,fankhauserf,440,2022-07-08
votech.ru,3,private,astrovlad,438,2017-09-07
confinement2u.my,13,private,egalitehawkins,438,2017-09-07
tinypc.com.vn,12,private,haomd,436,2022-08-03
puremarexpert.ro,18,private,aniotek,435,2022-08-04
topometro.com,6,private,topometro,434,2017-09-11
oilvip.ru,5,private,astrovlad,433,2018-03-26
robot-agachado.net,20,public,avillavi,432,2022-07-25
dyvya.com,15,private,cocolyn,432,2022-08-10
watergenchile.cl,13,public,rogato30,431,2022-08-01
doctadigital.com.ar,8,private,doctadigitalmkt,431,2017-11-29
prontopagopyme.cl,17,private,aalcantara,430,2022-05-19
ppeb.me,13,private,ppeb,429,2022-06-17
srinst.my,11,private,luimewah,428,2022-07-19
solvit.am,14,private,solvitam,428,2022-08-11
amauri.cl,8,private,amsanchez,428,2018-12-09
grifflwech.de,7,public,selerry,427,2022-08-20
scissortailtypewrite.com,9,private,elevated,426,2022-08-14
kxox.org,8,private,seethru,426,2022-07-18
runit.tk,7,private,runit,425,2022-08-11
proyectoexlibris.org,7,private,cvelozo,425,2022-08-13
ladiz.ru,5,private,astrovlad,425,2017-09-20
paje.ar,16,private,desert69,423,2022-08-15
ideality.ml,8,private,deyicat,421,2022-05-27
sociosay.com,6,private,zardanec,420,2017-09-25
digitalwimp.com,18,private,dannywpl,420,2022-08-17
ionus.cf,9,private,dleblanc,419,2022-08-06
xiumnetric.xyz,14,private,ubiyibmd,419,2022-07-25
domian.rocks,18,public,unlogical,418,2022-08-08
gertex.ru,3,private,astrovlad,418,2017-09-27
fusta.ru,3,private,astrovlad,417,2017-09-28
tiengtrung.club,19,private,powerichedi,416,2022-08-24
kittikat.co.uk,12,private,meeko,415,2022-08-07
phenomen.uk,3,private,jamesread90,413,2022-06-28
mactus.se,9,private,mactus,412,2022-08-07
113spacial.com,10,private,chenzetian,410,2022-08-18
nukleari.net,8,private,nukleari,409,2021-12-13
confederationscup.ru,5,private,formula1sochi,408,2017-10-07
yamanatech.ar,13,private,nsartori,407,2022-09-08
jesusfuckinchrist.com,14,public,wormfood,407,2022-09-04
solange.ro,11,private,solange,405,2022-08-16
acerhost.com,26,public,brey113,404,2022-09-10
746580.xyz,18,private,weeri,403,2021-11-25
bodon.cc,13,private,bodon,403,2022-09-10
raidjunior.ro,11,public,cercetasii,402,2022-08-31
keycontact.co.za,10,private,saintgroup,402,2022-09-12
sony-nucleus.com,6,private,markiper,401,2022-08-27
housingerp.in,6,private,arjuneblue,400,2022-07-16
ips3.me,12,private,r4w8173,400,2022-07-27
2015.fi,9,private,kirka2k,398,2022-09-14
gagamin.com,5,private,gowcar,397,2022-05-24
4trust.cl,18,public,aalcantararojas,397,2022-08-31
bashundharafoundation.org.np,21,public,karkibkas,396,2022-08-19
neuron.ar,17,private,axelbrz,396,2022-08-17
maizel.com.ar,3,private,diegomaizel,395,2017-10-20
zverescsukov.eu,13,private,zverescsukov,392,2021-10-07
hvac-sale.ru,14,public,burlak2022,391,2022-09-09
tunl.cf,9,private,dleblanc,391,2022-09-13
shulihua.cn,15,public,huangliqing,390,2022-09-05
vulturi.ro,18,public,vulturiro,389,2022-09-08
foryourviewingpleasure.com,17,public,braypagan,389,2022-09-22
pyrarrows.com,11,private,pyrarrows,389,2022-08-27
ssdho.co.za,20,private,rlimbanda,387,2022-09-05
co2keurmerk.nl,12,private,tappaya,387,2018-10-01
pantech.vn,17,public,luuhuyquang,386,2022-09-25
fuxion.co.ve,6,private,ebstrainner,385,2017-10-30
micasaspa.cl,12,private,ax01x,384,2020-08-03
rookiebookjudge.com,7,private,suleqa1,383,2022-09-10
renaissance.net.ve,17,public,dominiosjw,383,2022-09-23
mooooo.ru,9,private,intrinsic,382,2022-09-12
jmlausin.tk,16,public,jmlausin,381,2022-09-13
increment.ie,18,private,saikotech,381,2022-09-19
primicia.ar,9,private,mbianchi01,380,2020-11-14
ahpartner.ru,13,private,drobotov,380,2022-08-16
geeven-net.de,12,private,dj3mg,379,2022-09-30
hueve.ar,17,private,desert69,378,2022-08-12
marcn.tk,4,private,marcnovellon,378,2022-09-14
fakonsult.co.za,7,private,franzofriedrich,377,2018-03-25
nko.hk,15,private,itsc,377,2022-06-13
showkais.com,23,public,roshan25,377,2022-09-20
sncr.nl,12,private,aramok,376,2022-09-17
marcogehm.de,8,private,marco221200,376,2022-07-11
ypriv.com,11,private,armughan,374,2022-07-14
oslj.net,10,private,blecknet,373,2022-10-01
stillbruch.ch,16,public,dammafri,373,2022-10-05
smdeck.ml,7,private,manuelcespedes,372,2019-10-18
mivozautista.cl,16,private,saorimelon,372,2022-09-14
evgds.ru,14,private,evgdem16,371,2022-10-15
kipgiw.tk,5,private,peterkoine,371,2019-06-13
encoparts.cl,12,private,gneirasourcing,370,2022-08-04
s-engine.com,20,public,jerryywang,370,2022-10-07
everycallofdutyonveteran.com,19,private,jaturonsupasri,369,2022-10-12
junie.ru,3,private,astrovlad,369,2017-11-15
starlordbob.com,9,private,raulsam,368,2022-09-14
badelk.fi,14,private,procyonprowler,368,2022-10-04
brandpremium-factory.com,10,private,jaturonsupasri,367,2022-10-12
jstradingco.pk,18,private,hostjupiter,367,2022-10-15
theany.tk,6,private,theany,366,2022-09-13
spaccio.cf,7,private,wellgood,366,2017-11-18
elfonice.ml,4,private,elfonice,365,2019-12-24
myrtlegrovecapital.com,6,private,nickfaguet,365,2022-07-14
titanides.es,25,public,romanfdez,365,2022-10-12
darohan.space,17,private,darohan,365,2022-10-02
dotheanimelesbianskiss.com,4,private,pikajude,365,2022-10-08
aspireteam.ru,29,public,icaxapi,364,2022-10-20
youna.pw,11,private,xtessax,363,2022-10-11
rovr.ru,4,private,astrovlad,362,2017-11-22
icotex.ru,3,private,astrovlad,362,2017-11-22
paisxworld.com,8,private,paisx,362,2019-01-21
sivana.ru,3,private,astrovlad,361,2017-11-23
xobit.ru,3,private,astrovlad,361,2017-11-23
factory1.cf,8,private,glass1,361,2018-05-05
tech-notes.tk,6,private,mumxek,361,2022-08-12
sambo.ro,17,private,marianc,361,2022-10-18
sol2u.xyz,21,private,aerobraintech,360,2020-09-10
mynode.biz,13,private,webdjcn,360,2022-10-26
mmg.ar,10,private,elemahelper,359,2022-09-01
republic.id,11,private,hkpsn,359,2022-10-18
sk9engineers.cl,11,private,vhernandezm,359,2018-01-11
libreriassccalameda.cl,5,private,jpissani,358,2017-12-09
communityadvertising.org,10,private,tlosdns,358,2022-09-04
gremlinbytes.com,9,private,magronlundjr,358,2022-10-24
lynk.cl,17,private,manuelcespedes,357,2022-10-01
sap-network.ml,6,private,stre4,357,2017-11-27
firiusfoto.it,11,private,flavio3556,356,2018-02-02
bgpmedia.tk,11,private,bgpchile,356,2022-10-25
alorigen-petfoods.cl,18,public,ndenham,356,2022-10-19
dinerocams.cf,12,private,claybertdinero,355,2022-10-18
autem.ru,3,private,astrovlad,355,2017-11-29
bidpro.ru,3,private,astrovlad,355,2017-11-29
icefireworld.ga,7,private,yangyangzz001,355,2017-12-26
wippo.ru,4,private,astrovlad,354,2017-11-30
mefin.ru,4,private,astrovlad,354,2017-11-30
fonogasco.cl,9,private,misil78,354,2022-08-20
kishorpuri.com.np,19,public,kishorp,354,2022-10-31
udalyonka.com,12,public,method76,353,2022-10-28
hobbiton.ca,5,private,wahimahmud,353,2022-10-27
gps888.xyz,6,private,stevesdk,352,2022-09-29
turismoalinstante.cl,6,private,busescielo,352,2017-12-09
sgsarchitecture.com.tr,3,public,burakgonenli,351,2017-10-26
vetricpvp.tk,7,private,gamask,351,2020-01-25
prpt.tk,22,private,tirodov,351,2022-03-10
mayoristaboom.cl,13,private,lgomezcl,351,2022-09-09
xn--cdigo-0ta.ar,10,private,thewebhosting,351,2022-10-19
abogadosmmu60.com,9,private,jimeneza,350,2020-12-22
educamadrid.cf,10,public,foramontano,350,2022-10-16
mesonruralbaecula.tk,9,private,hilltiger,349,2018-12-21
wr3tch.org,13,private,mudhosting,349,2022-11-03
gpa2022.xyz,4,private,nkoji,348,2022-07-17
kidsaspect.com,14,private,krisoijn,348,2022-10-31
cancelnra.com,6,private,marselmustafin77,348,2022-11-07
mywirelesswings.com,8,private,robiewing,348,2017-12-16
blitztransit.net,11,private,bradk917,347,2022-11-05
teaboheme.com,8,private,marselmustafin77,347,2022-11-07
chadpools.com,3,private,marselmustafin77,347,2022-11-07
cienciamexico.com,4,private,marselmustafin77,347,2022-11-07
sudanpools.com,7,private,marselmustafin77,347,2022-11-07
roboticscombatleague.org,8,private,marselmustafin77,347,2022-11-07
zblue.cc,6,private,izbin,346,2022-03-09
baudtothebone.com,5,private,marselmustafin77,346,2022-11-07
centroespanolchillan.cl,15,private,natanaelhumberto,345,2022-11-03
idhebat.com,7,private,marselmustafin77,345,2022-11-07
gclubtheone.com,3,private,marselmustafin77,345,2022-11-07
brettbalogh.net,7,private,marselmustafin77,345,2022-11-07
xn--abc-rcrs-f1ac.fr,7,private,zaraki673,344,2022-10-23
shinylook.ro,13,public,rauel199,344,2022-11-06
calio.ru,3,private,astrovlad,344,2017-12-10
qamm.ru,3,private,astrovlad,344,2017-12-10
olmecasoftware.com,22,private,mexce,343,2019-06-03
gomicospunbond.com,7,private,marselmustafin77,343,2022-11-07
severedlance.com,7,private,marselmustafin77,343,2022-11-07
riversidecannabis.net,8,private,marselmustafin77,343,2022-11-07
owne.ml,12,private,megalite,342,2022-05-13
kupon88.com,7,private,marselmustafin77,342,2022-11-07
cryptoquote.ru,3,private,astrovlad,342,2017-12-12
cryptoplatforms.ru,3,private,astrovlad,342,2017-12-12
cryptoquant.ru,3,private,astrovlad,342,2017-12-12
coinscope.ru,3,private,astrovlad,342,2017-12-12
babilonetterem.ml,4,private,hegedotml,341,2017-12-13
pizzabrothers-pb.sk,17,private,jumik,341,2022-09-02
otherpurple.com,10,private,wtg,341,2022-10-23
daas.ro,11,private,sttefaann,341,2022-10-27
ibnbola.com,9,private,marselmustafin77,341,2022-11-07
averycreation.com,5,private,marselmustafin77,341,2022-11-07
totoselasa.com,8,private,marselmustafin77,341,2022-11-07
halalinternationalselangor.com,16,private,luimewah,340,2022-10-16
ccpower.ga,6,private,mishapalkin,340,2017-12-14
synchroplatform.com,7,private,enggaljaya,339,2017-12-15
antofrage.cf,11,private,antofrage,339,2022-10-24
anfossi.es,16,private,janfossi,339,2022-11-07
wickinwax.com,7,private,marselmustafin77,339,2022-11-07
brianshouse.ml,8,private,cujosdog,338,2020-09-18
hebler.eu,11,private,spezi83,338,2022-06-06
bayare.id,11,private,hapebaturan,338,2022-11-08
lfaf.tk,4,private,songka90,337,2022-09-22
kormoco.com,7,private,marselmustafin77,337,2022-11-07
thebasinsnetwork.com,7,private,alssales,336,2022-06-03
iqmedicas.net,10,private,iqmedicas,336,2022-09-23
executiveoversite.com,3,private,marselmustafin77,336,2022-11-07
shepherdsfinancial.com,7,private,marselmustafin77,336,2022-11-07
urejanjeokolice.org,8,private,marselmustafin77,336,2022-11-07
vietnamthinks.com,17,private,penguinlvt,335,2022-05-20
teammanlygoodiebag.com,7,private,marselmustafin77,335,2022-11-07
qbitbsd.com,7,private,edmufa,334,2022-09-06
guritatogel.com,9,private,marselmustafin77,334,2022-11-07
parkki.tk,8,private,tomjooonas,333,2018-04-22
alonsodicandia.cl,11,private,alonsodicandia,333,2021-11-01
prouchet59.ru,9,private,dearzas,333,2022-10-07
seimari.fi,15,private,seimari,333,2022-11-14
bracteat.com,18,public,polbracteat,332,2022-11-08
totogila.com,7,private,marselmustafin77,332,2022-11-07
votesense.net,7,private,marselmustafin77,332,2022-11-07
etherinvest.ru,4,private,astrovlad,332,2017-12-22
tokensoft.ru,4,private,astrovlad,332,2017-12-22
mrether.ru,3,private,astrovlad,332,2017-12-22
coincert.ru,4,private,astrovlad,331,2017-12-23
taskrilla.com,15,private,rolosradio,331,2018-01-25
baturan.id,21,private,hapebaturan,331,2022-10-21
kuponid88.com,7,private,marselmustafin77,331,2022-11-07
naclub.xyz,8,private,trafcd,330,2022-05-25
sweet-nonude.cf,7,private,vhs9800,330,2018-03-27
daskafer.club,4,private,astrovlad,329,2017-12-25
aqqa.gq,9,private,tilltoll,329,2022-08-28
4us2.net,16,private,4us2net,329,2022-11-12
tenosweb.com,17,private,domaintenos,329,2022-11-19
edmondtong.com,17,private,edmondt,329,2022-11-07
urejanjeokolice.com,6,private,marselmustafin77,329,2022-11-07
streameandoando.com,6,private,marselmustafin77,329,2022-11-07
axigenesis.com,2,private,marselmustafin77,329,2022-11-07
snyderenterprise.com,6,private,marselmustafin77,329,2022-11-07
gerberkamp.com,2,private,marselmustafin77,329,2022-11-07
drupieski.com,2,private,marselmustafin77,329,2022-11-07
guritatoto.com,6,private,marselmustafin77,329,2022-11-07
exceptalyze.com,2,private,marselmustafin77,329,2022-11-07
wedodocs.com,6,private,marselmustafin77,329,2022-11-07
canarylandscaping.com,2,private,marselmustafin77,329,2022-11-07
riceonmars.com,6,private,marselmustafin77,329,2022-11-07
behavalyze.com,2,private,marselmustafin77,329,2022-11-07
totosabtu.com,6,private,marselmustafin77,329,2022-11-07
dirtynoun.com,2,private,marselmustafin77,329,2022-11-07
kantorkami.com,6,private,marselmustafin77,329,2022-11-07
didi-construction.com,2,private,marselmustafin77,329,2022-11-07
insomniagamingireland.com,6,private,marselmustafin77,329,2022-11-07
upluss.net,6,private,marselmustafin77,329,2022-11-07
inidsol.net,6,private,marselmustafin77,329,2022-11-07
riceonmars.org,6,private,marselmustafin77,329,2022-11-07
urejanjeokolice.net,6,private,marselmustafin77,329,2022-11-07
1narod1srce.hr,6,private,vkvatern,328,2022-11-15
bada.ml,20,private,makamos,328,2017-12-26
apparelline.info,4,private,astrovlad,328,2017-12-26
twgo.pw,10,private,richarlin,328,2018-06-12
gps88.xyz,3,private,reloaded8888,327,2022-10-02
nanguo.tk,22,private,cyberplayboy,326,2021-09-13
esm-it.am,12,private,edmufa,326,2022-11-21
tokenguru.ru,3,private,astrovlad,326,2017-12-28
r5ync.com,8,private,wmatthews,326,2018-08-03
peanut.tk,7,private,szoidl,326,2018-10-01
whisperlist.tk,4,private,gerky,325,2017-12-29
spedswir.com,21,private,spedswir,325,2022-07-31
krtooking.net,9,private,krtooking,325,2022-09-18
poexali.ru,26,public,gaxx,325,2022-10-17
leich-te.com,7,private,paratrooperbob,325,2022-11-27
rcaoin.me,13,private,rcaoin,324,2022-11-25
wonderburger.cl,11,private,aalcantara,322,2021-02-05
rocheval.tk,11,public,lafonce00,322,2022-11-24
ghome.it,18,private,gianvitobleve,322,2022-11-25
glockb.de,14,private,lysterion,321,2022-09-02
seanbrogan.org,11,private,donkeypunter,321,2022-11-18
wcsu.club,4,private,astrovlad,321,2018-01-02
xn--b6hm.ws,6,private,domengland,320,2018-01-03
inversiones2g.com,8,private,joseagrc,320,2017-01-28
nickandlolly.com,17,private,nprobinson,320,2022-11-28
wunschh.com,6,private,paratrooperbob,320,2022-11-27
blastchick.com,8,private,paratrooperbob,320,2022-12-04
visitame.cl,18,private,visitame,319,2021-11-07
keikyou.com,18,public,cjioajlz,319,2022-11-20
reitsitz.com,7,private,paratrooperbob,319,2022-12-06
manuelgarciacr.ga,7,private,manuelgarciacr,319,2018-01-04
heartfelt-talk.com,7,private,paratrooperbob,318,2022-12-04
nomacuerdo.com,9,public,pollo15,317,2022-12-02
cryptodevices.ru,5,private,astrovlad,317,2018-02-13
talaia.ga,9,private,hakais,316,2019-02-15
bluediamondrestoration.ca,7,private,lucomca,316,2022-09-22
squ-eeze.com,7,private,paratrooperbob,316,2022-12-04
8tom.de,18,private,mr8tom,315,2022-12-06
sweet-mee.com,7,private,paratrooperbob,315,2022-12-04
coingems.ru,4,private,astrovlad,315,2018-01-08
wbwillbetter.com,18,private,justfive,313,2022-12-05
mcnown.ca,18,private,jmcnown,313,2022-10-19
liensetroits.com,6,private,paratrooperbob,313,2022-12-04
chicastope.com,6,private,paratrooperbob,313,2022-12-04
chio-cciola.com,6,private,paratrooperbob,313,2022-12-04
nous-memes.info,6,private,paratrooperbob,313,2022-12-04
gac-kern.com,7,private,paratrooperbob,313,2022-12-06
freebitcoinfaucet.pw,4,private,astrovlad,313,2018-01-10
lyczak.ga,11,private,gababites,312,2019-06-06
diawara.tk,4,private,diawara11,311,2022-09-13
if-they-cant-take-a-joke.cf,28,public,mildjazz,311,2022-11-22
powerbot.cf,14,public,marketinglatino,311,2022-12-07
kippenvel.info,6,private,paratrooperbob,311,2022-12-06
prissy-women.com,6,private,paratrooperbob,311,2022-12-06
zweimulden.com,6,private,paratrooperbob,311,2022-12-06
bons-bons.com,6,private,paratrooperbob,311,2022-12-06
vekx.ru,4,private,astrovlad,311,2018-01-12
albing.xyz,9,private,albings,311,2018-11-28
tokendaily.ru,5,private,astrovlad,310,2018-02-20
bcs.ar,18,private,cfains,310,2022-08-19
projectlook.tk,10,private,masuqur,309,2019-06-21
umamitaste.ar,17,public,guidobucci,309,2022-11-27
qlabs.pro,21,public,jochar,309,2022-12-06
ipto.net,44,public,wozie,309,2022-12-15
nepalsoftwarebazar.com.np,19,public,karkibkas,308,2022-11-25
igemilang.com,13,private,igemilang,308,2022-12-11
interseguros.cl,17,public,thekyla,308,2022-12-16
bigd.tw,15,private,a0922386222,308,2022-12-14
websepeti.tk,13,public,ilovefreedns,307,2022-12-03
monotribut.ar,8,private,matutano6,307,2022-11-10
0xmr.eu,8,private,tuyulx,306,2020-12-19
joshihp.com.np,13,private,harishjoshi,306,2022-10-12
vrgon.com,12,private,ieaston,306,2022-12-07
tn4417.tk,19,private,tn4417,306,2022-12-12
debauchee.info,6,private,paratrooperbob,306,2022-12-11
eenkhoorn.be,9,private,willemplan,305,2022-05-12
capibars.tk,8,private,kimbaras,305,2022-11-07
timozermelo.tk,4,private,timozermelo,305,2022-11-29
entraide.cf,20,public,champix,305,2022-12-19
aigame.biz,21,public,tianjinku,304,2022-12-16
labblog.org,9,private,macooper59,304,2022-12-01
sindicato.cl,12,private,rictorm,304,2022-12-14
compx2.ga,12,private,rlin,304,2018-01-19
lingoes.cf,8,private,lingoes2008,303,2018-09-16
i-take-you-to-hell.it,6,private,santinox,303,2022-11-06
somniapp.cl,13,public,mmunro,302,2022-10-24
merkletreeinvestments.com,6,private,mvberg,301,2018-01-22
dmc-inc.com,6,private,dmcichy,301,2021-10-19
north77wood.ca,11,private,daddyfix99,301,2022-12-02
wumz.tk,6,private,goh000,300,2022-11-27
smarttao.org,3,private,astrovlad,300,2018-01-23
buxinfan.tk,9,public,wzx7790,299,2022-11-06
zixel.tk,28,public,zixelmike,299,2022-12-21
aiplab.org,9,private,fracchu,299,2022-12-20
estoyprobandoxd.tk,11,public,enderfer2021,298,2022-07-30
olgadoctor.tk,11,private,xnjrzwja,298,2022-11-01
nactpoenie.ru,2,private,wm4g,298,2018-01-25
dsmoi.info.ve,11,private,guisan,297,2022-12-08
sarojchaulagain808.com.np,19,public,sarojchaulagain8,297,2022-12-21
mashley.club,10,private,dewees,297,2022-12-23
logicos.org,12,private,nightgreenwolf,297,2022-12-25
tfasim.xyz,4,private,dudi13,296,2022-10-23
slino.tk,9,private,kingdom1985,296,2022-12-22
apox.net,8,private,draganmitikj,296,2022-12-25
coinministry.ru,5,private,astrovlad,296,2018-01-27
palacemc.ml,10,private,rcnw,295,2021-02-13
luxury-broom.com,7,private,paratrooperbob,295,2022-12-27
deviusbrewing.com,12,private,pezius,294,2020-01-17
yuripetrov.xyz,14,private,yurpetr,293,2022-11-01
lukefleed.xyz,15,public,lukefleed,293,2022-12-26
muscleperfection.tk,8,private,jogyanya,292,2021-10-10
bantaycotam.com,17,private,mrtrinhvn,292,2022-12-12
newhotdate.info,7,private,paratrooperbob,292,2022-12-27
strathire.net,12,private,rossheritage,291,2022-12-06
douglascunha.net,7,private,dougmcunha,291,2022-11-08
schroeter.tk,10,private,nina1108,291,2018-02-01
knoxbuild.ga,4,private,knoxbuild,290,2018-02-02
hott-mango.com,6,private,paratrooperbob,290,2022-12-27
sweet-puppet.com,6,private,paratrooperbob,290,2022-12-27
hostesslady.com,6,private,paratrooperbob,290,2022-12-27
free-act.info,6,private,paratrooperbob,290,2022-12-27
clut-ter.com,6,private,paratrooperbob,290,2022-12-27
in-latex.info,6,private,paratrooperbob,290,2022-12-27
snuubb.com,7,private,paratrooperbob,290,2022-12-30
liamtopia.nl,7,private,syberboy02,289,2021-12-09
wolkenhim.ml,8,private,nerdpferd,289,2022-09-23
overenginerd.org,13,private,dzendian,289,2022-12-27
tobiaskasander.com,10,private,tobiaskasander09,289,2022-12-26
luquiduhc.tk,7,private,alexodd9,289,2018-02-03
hibox.ml,6,private,hikaru604,287,2018-02-05
ikisoft.tk,8,private,ysp0lur,287,2022-03-01
baev.cf,13,public,zixelmike,287,2022-12-22
sin-prisa.info,6,private,paratrooperbob,287,2022-12-30
sloeriee.com,6,private,paratrooperbob,287,2022-12-30
doigt-agile.com,6,private,paratrooperbob,287,2022-12-30
hornyferret.tk,11,public,greatwolf,286,2022-12-15
gelikt.info,7,private,paratrooperbob,286,2023-01-08
junwi.cf,9,private,junwis,285,2022-11-13
phillias.us,8,private,phillias,285,2022-10-22
4400.tk,14,private,hx77890,284,2023-01-08
yuktgsl.uk,13,public,yuktgskuk,284,2023-01-07
vsteel.ga,8,private,varsteel,283,2018-03-19
fernetconcoca.com,17,private,dsfernandez,283,2020-03-28
marsupilami.fi,8,private,ihanamies,283,2023-01-06
milwajilhisamsi5.com,8,private,komwaj43,282,2020-04-11
tocapa.me,6,private,marsolk,282,2022-12-27
guitarrasreparacionesyaccesorios.cl,7,private,luzcategui,282,2018-08-23
narrow-aisle.com,8,private,paratrooperbob,281,2023-01-08
gestorcobranza.cl,11,private,manuelcespedes,280,2023-01-02
kimily.ch,13,private,pimix,280,2023-01-12
konferentsia-pr.ru,4,private,bahek,280,2022-08-11
saptarhollows.tk,10,private,jonoleviathan,279,2021-06-14
zaidlab.net,4,private,zaiddaoud,279,2022-11-22
cryptooptions.ru,5,private,astrovlad,279,2018-02-13
boblepp.ca,6,private,boblepp,279,2018-08-24
elkay.ru,3,private,astrovlad,278,2018-02-14
solius.ru,4,private,astrovlad,278,2018-02-14
transroca.com,11,private,be86lkk,278,2018-04-13
abnyx.com,29,public,abnyx,278,2023-01-15
fancyy-me.com,6,private,paratrooperbob,278,2023-01-08
hete-meiden.info,6,private,paratrooperbob,278,2023-01-08
chica-dejengibre.com,6,private,paratrooperbob,278,2023-01-08
wantinyou.com,6,private,paratrooperbob,278,2023-01-08
tong-aanraken.info,6,private,paratrooperbob,278,2023-01-08
cbian.ml,7,private,chandlerbian,277,2021-09-02
glavbuh-74.ru,11,public,coffeez,277,2022-11-27
bejanaprima.co.id,13,private,diazviera,277,2023-01-02
somosoppa.cl,22,private,rtrigo,276,2021-06-07
uilove.us,8,private,undozen,276,2022-11-06
zongzi.cf,6,private,chovyzz,275,2021-02-17
fearenough.com,7,private,b4contact,275,2023-01-16
chainalysis.ru,3,private,astrovlad,274,2018-02-18
sardi.ru,4,private,astrovlad,274,2018-08-31
ethco.ru,3,private,astrovlad,273,2018-02-19
teyitmc.ml,5,private,inva,273,2021-09-06
kdanet.hu,15,private,typhoonsx,272,2023-01-13
cryptogeeks.ru,6,private,astrovlad,272,2018-02-20
tokenbonus.ru,4,private,astrovlad,272,2018-02-20
tokenroom.ru,4,private,astrovlad,272,2018-02-20
xcoinx.ru,3,private,astrovlad,271,2018-02-21
gyongsu.com,17,private,gyongsu,271,2021-10-02
novacorp.com,19,private,novacap,271,2023-01-20
philfind.com,4,private,tony44,270,2020-11-17
emeraldlightfilms.com,5,private,sqwuade,270,2022-11-07
bitcointop.ru,3,private,astrovlad,270,2018-02-22
indat.ru,3,private,astrovlad,269,2018-02-23
cryptoclone.ru,4,private,astrovlad,269,2018-02-23
elislote.es,6,private,jaimitus,269,2018-02-23
ensense-ai.tk,9,private,aikickstarttw,269,2021-12-20
szatyor.tk,10,private,borzas,269,2022-11-13
inversioneslamartina.cl,8,private,janoleinn,268,2022-11-14
sharp-games.com,7,private,paratrooperbob,268,2023-01-21
john-router.tk,6,private,biddlebaddleboo,267,2018-02-25
abc-recres.fr,6,private,zaraki673,267,2023-01-24
tortmurzik.ru,6,private,dynsetup,266,2020-01-23
irchaus.xyz,13,private,cws,266,2023-01-06
fronturi.ro,15,public,mankoosh,266,2023-01-23
mindsome.ml,4,private,hegedotml,266,2018-02-26
pulpstone-router.cf,2,private,fuadsalim,265,2018-02-27
techspider.uk,7,private,rcjayanta2012,265,2018-08-20
starke-spiele.info,6,private,paratrooperbob,265,2023-01-21
smileoptometrist.com.my,9,private,1891studio,264,2023-01-19
caldwellhome.ga,6,private,davidclt,264,2018-02-28
teresco.md,11,private,teresco,263,2023-01-30
novipro.ca,17,public,whoodns,262,2023-01-25
blocktrust.ru,3,private,astrovlad,262,2018-03-02
coinsuccess.ru,4,private,astrovlad,262,2018-03-02
cryptoproperty.ru,3,private,astrovlad,261,2018-03-03
alexheld.me,3,private,alexheld,261,2021-01-22
rusarthro.am,12,private,asdf2014,261,2022-11-21
protonvpn.com.br,19,private,bhcontact,261,2023-01-29
energywes.com,12,private,maritimameridian,260,2022-11-22
hypernormal.org,18,public,spchapman,260,2023-01-30
bamsucka.com,19,public,wtfix,260,2023-02-03
capitalparking.cl,12,public,suksa,260,2023-02-01
bitboost.ru,3,private,astrovlad,259,2018-03-05
corion.ru,3,private,astrovlad,259,2018-03-05
insurepal.ru,3,private,astrovlad,259,2018-03-05
ocow.ru,3,private,astrovlad,259,2018-03-05
afpuno.cl,4,private,afpuno,259,2019-01-18
indulgecakesandcupcakery.com,13,private,rblenkhorn,259,2023-01-15
westkis.com,21,public,westkis,259,2023-02-04
116610.xyz,17,private,webdjcn,258,2023-02-05
evtv.cl,8,private,franciscodeteran,258,2018-03-06
nnsd.ir,13,private,lambdaio,257,2018-04-14
dorrkav.com,19,private,yousofhaghshena,257,2023-01-24
violetnetworks.cf,3,private,karenzayn,256,2021-11-20
conexsyschile.cl,10,private,jjbahamondes,256,2022-08-07
r7z.ru,18,private,ven0mru,256,2022-12-19
cachemygames.com,9,private,kendallb,256,2023-01-26
nftdomain.xyz,4,private,johnberry,255,2021-05-23
guantanamo-bae.net,16,private,unalover,255,2022-06-25
truckradar.com,26,private,abobkov,255,2022-12-19
reyou.co.kr,16,public,meteorstream,255,2023-01-30
midnightcreations.uk,15,private,mousematt,254,2023-01-29
sidf.in,14,private,adeptino,254,2022-11-10
hubeet.com,21,private,funcando,253,2022-08-12
donciccio.net,21,public,rcandeias,253,2023-01-27
gmsbh.tk,4,private,crappygmsbh,252,2022-10-15
ebarrab.com,14,private,ebarrab,252,2023-02-08
minepools.co.uk,9,private,xtearsu,251,2021-12-25
amelia.ec,22,private,palma03,251,2023-02-04
takifans.club,10,private,rubendark2000,251,2018-11-19
xn--cm-5ja.ml,11,private,gosper861,250,2022-11-15
ua-traffik.space,15,public,brabustrap,250,2023-02-05
690439821.xyz,9,private,mzaccount,249,2022-11-17
bitcoinwizard.ru,3,private,astrovlad,249,2018-03-15
miradordom.eu,10,private,vurrut,247,2023-01-03
woupaa.net,7,private,bydas,247,2018-08-14
mrcrypto.ru,4,private,astrovlad,247,2018-09-27
dszuhause.tk,11,private,kreuzschanze,246,2022-12-06
szybalint.hu,11,private,szybalint,246,2023-02-16
boomieandfriends.com,13,private,handicapitalist,246,2023-02-04
romcooling.ro,10,private,sttefaann,245,2022-10-28
akshu.ar,7,private,flashhammer,245,2022-08-29
fantasy-fulfilment.info,7,private,paratrooperbob,245,2023-02-18
belleza-solar.info,7,private,paratrooperbob,245,2023-02-18
lylyanne.tv,16,private,shodanx,244,2022-08-26
saufstunde.com,7,private,paratrooperbob,244,2023-02-18
almasafa.tk,8,private,almasafa,243,2022-12-09
keperralodge.co.uk,15,private,keperralodge,243,2023-01-29
cloudimation.nl,17,private,tcpit,243,2023-01-18
owolookup686.tk,8,private,wodolab993,242,2021-06-23
hitachi-plus.ru,10,private,kanakov45,242,2023-02-12
sometida-atada.info,7,private,paratrooperbob,242,2023-02-18
drmotor.ru,5,private,astrovlad,242,2018-03-22
luxilon.ru,4,private,astrovlad,241,2018-03-23
sesute.lt,6,private,dionizas,241,2022-12-19
lenharo.ml,6,private,lenharo,240,2022-01-16
hooshmandvpn.ml,7,private,hackdoost,240,2018-05-12
digxyz.com,16,private,citafreedns,239,2021-07-28
cucumberfeet.com,3,private,cucumberfeet,239,2022-12-19
jbasile.com,7,private,sgeneralgrievous,239,2023-02-24
magical-night.info,7,private,paratrooperbob,238,2023-02-18
milista.ga,2,private,limoncontuna,238,2018-03-26
coinhex.ru,3,private,astrovlad,237,2018-03-27
pablomz.net,23,public,pablomz,237,2023-02-12
sinful-nut.info,6,private,paratrooperbob,237,2023-02-18
memorable-experience.com,6,private,paratrooperbob,237,2023-02-18
amorous-charmer.com,6,private,paratrooperbob,237,2023-02-18
wish-creation.com,6,private,paratrooperbob,237,2023-02-18
night-charmer.info,6,private,paratrooperbob,237,2023-02-18
pleasant-time.info,6,private,paratrooperbob,237,2023-02-18
sunny-hottie.info,6,private,paratrooperbob,237,2023-02-18
charmeur-nocturne.info,6,private,paratrooperbob,237,2023-02-18
cercle-vicieux.com,6,private,paratrooperbob,237,2023-02-18
unknown-fiend.com,6,private,paratrooperbob,237,2023-02-18
mains-habiles.info,6,private,paratrooperbob,237,2023-02-18
endugu.com,18,public,endugu,236,2023-02-22
hamblenho.me,10,private,rioplay,236,2023-02-25
slippery-slopee.com,6,private,paratrooperbob,236,2023-02-19
nana-mince.com,7,private,paratrooperbob,236,2023-02-26
liliaboscan.com,19,public,crondon,235,2023-01-26
exclusive-meetingg.com,6,private,paratrooperbob,235,2023-02-20
close-bondd.com,7,private,paratrooperbob,235,2023-02-26
librejr.us,10,private,sigil95,234,2023-01-03
stylify.ru,4,private,astrovlad,234,2018-03-30
kurio.ru,3,private,astrovlad,233,2018-03-31
situtraders.com,15,private,stanjil,233,2023-03-01
datemyfamily.tv,20,public,scotchflores,233,2023-03-02
bemjacloud.ml,16,public,idkoranged,232,2022-12-08
lebarronlimo.com,19,public,clebarr1,232,2023-01-19
damonalfaro.com,6,private,djdalfaro,232,2018-04-01
construccionurbanizaciones.cl,14,private,pusk11,231,2023-01-08
cerredes.cl,17,public,ccerpa,231,2023-02-28
emeraldkebun1.com,8,private,aquage1,230,2020-04-07
impressive-lady.info,7,private,paratrooperbob,230,2023-03-02
kylemanke.com,16,private,kmanke,229,2023-01-11
des-collines.info,6,private,paratrooperbob,229,2023-02-26
arrondii.com,6,private,paratrooperbob,229,2023-02-26
lace-flirt.com,6,private,paratrooperbob,229,2023-02-26
slender-chubby.com,6,private,paratrooperbob,229,2023-02-26
wet-fantasy.com,6,private,paratrooperbob,229,2023-02-26
roast-dinner.com,6,private,paratrooperbob,229,2023-02-26
straight-flirt.com,6,private,paratrooperbob,229,2023-02-26
direct-flirting.com,6,private,paratrooperbob,229,2023-02-26
tanggal-tiga.com,6,private,paratrooperbob,229,2023-02-26
chic-bends.info,6,private,paratrooperbob,229,2023-02-26
titty-wenches.info,6,private,paratrooperbob,229,2023-02-26
chicas-tetas.com,6,private,paratrooperbob,229,2023-02-26
geste-indolent.com,6,private,paratrooperbob,229,2023-02-26
coinsmaster.ru,3,private,astrovlad,229,2018-04-04
listalaentrega.com,10,private,mexce,229,2018-11-08
digitalelasticity.info,7,private,virshu,228,2022-12-25
frequenz.ml,8,private,tarquiniussuperb,227,2021-10-22
violating.me,17,public,xanthar,227,2023-03-02
cssouth.uk,7,private,tcrowther,227,2018-04-06
dimlocogr.com,6,private,dimlocogr1,226,2023-03-02
gfebio.com,21,public,exile600,226,2023-03-07
awadwatt.com,11,private,tezoatlipoca,226,2023-03-05
kopybay.org,24,public,tidodo,226,2023-03-08
novolon.net,12,private,jdjr91,225,2023-02-26
soire-chaude.com,6,private,paratrooperbob,225,2023-03-02
aviatorslanding.com,9,private,at2715,225,2018-05-18
theoutcasts.tk,4,private,tracka11,224,2022-12-11
ghostden.tk,12,private,bluesleepy,223,2020-06-02
jgardzisz.pl,6,private,jgardzisz,223,2022-12-12
chousa.ar,4,private,agustinchousa,223,2023-02-27
murli.ga,3,private,onlyindian,222,2021-10-24
malls.pw,4,private,astrovlad,222,2018-04-11
criaderobulldogfrances.com,11,private,ccabanas,221,2021-11-21
t00r.eu,12,private,imatt,221,2023-03-06
harvey.li,12,private,raylee84,220,2023-02-26
loosecoup-ling.com,6,private,paratrooperbob,220,2023-03-07
lipricon.ru,3,private,lipricon,220,2023-03-15
mac-systems.uk,8,private,scottmac,220,2018-09-04
mycpu.es,8,private,elpluto,219,2022-12-07
wangshuai.cf,24,public,89332874,219,2023-03-06
dmch.uk,27,private,frylock,218,2023-03-03
canadianangel.com,6,private,hotthai,218,2022-11-27
nat-vps.cf,24,private,fyruzo,217,2022-03-29
utechnetwork.com,7,private,tutech,217,2023-01-20
bracelets-made-by-tess.nl,5,private,tobiaskasander09,217,2023-03-12
blackraspberry.info,7,private,pillthatkill,217,2019-08-10
putolindo.com,19,private,mgarciaisaia,216,2023-02-13
another-chick.info,8,private,paratrooperbob,216,2023-03-19
flirt-space.info,7,private,paratrooperbob,216,2023-03-19
vecina-golfa.info,7,private,paratrooperbob,215,2023-03-19
sanuk.info,5,private,astrovlad,214,2018-04-19
mrku.ga,5,private,kakavic,214,2018-04-19
philgb.co.uk,5,private,philuk,214,2021-12-29
youngacademynepal.org.np,11,private,sudaac,214,2023-02-17
thiaper.ro,11,private,mpostelnicu,214,2023-03-02
digikuntz.com,17,private,choudja,213,2022-09-28
swiftprojects.co.za,22,private,rlimbanda,213,2023-03-08
powercleaning.cl,12,private,powercleaning,213,2023-03-21
per-anhalter.info,8,private,paratrooperbob,213,2023-03-19
tezoatlipoca.com,10,private,tezoatlipoca,212,2023-03-19
santilli.club,7,private,nicolasantilli,211,2020-10-17
synmedia.org,17,private,aedwards0017,211,2023-01-10
hashable.org,21,public,no1,211,2023-03-19
mujer-ardiente.com,7,private,paratrooperbob,211,2023-03-19
origen.ar,20,private,luisuriarte,210,2023-01-20
full-immersion.info,7,private,paratrooperbob,210,2023-03-19
xuming168.com,9,private,skyxtw,209,2023-03-01
darirumah.org,8,private,probocopy,208,2020-04-16
ekidsalan.com,11,private,ekids9702122935,208,2023-03-18
aeq.pl,11,private,awq2,208,2023-03-20
weird-neighbour.com,6,private,paratrooperbob,208,2023-03-19
guance-paffute.com,6,private,paratrooperbob,208,2023-03-19
exact-entry.com,6,private,paratrooperbob,208,2023-03-19
sans-tabou.com,6,private,paratrooperbob,208,2023-03-19
leiden-schaft.info,6,private,paratrooperbob,208,2023-03-19
dirty-moly.com,6,private,paratrooperbob,208,2023-03-19
strega-luminosa.info,6,private,paratrooperbob,208,2023-03-19
catch-me-again.com,6,private,paratrooperbob,208,2023-03-19
smartlitzer.cl,14,private,l3on21,208,2018-06-22
soft-builder.net,16,private,gbellocchio,207,2023-03-21
barterbroker.ru,8,private,chugun,207,2023-03-22
vpvpvp1.tk,9,public,sanazi,206,2023-02-22
eltemplodehorus.com,6,private,entrepeneur,206,2023-03-28
luvps.ga,6,private,pradeep0099,206,2018-04-27
skidkapolis.ru,8,private,regup,205,2020-01-23
call103.ru,3,private,gitllc,205,2023-03-05
cycsolarchile.cl,15,private,diecallejas,205,2023-03-30
barterflow.ru,8,private,chugun,205,2023-03-22
poultryinvestment.ro,9,private,zsokos,204,2023-02-16
pmk-goteborg.se,8,private,dnsprofcom,203,2023-01-20
trachet.eu,12,private,kainickson,203,2023-03-31
memorialpet.ca,3,private,lucomca,202,2022-06-26
claybert.com,12,public,spartangeeks,202,2023-03-27
eastlink.ga,9,private,mzshaikh2011,202,2018-05-01
piter.xyz,3,private,dellarovere,201,2018-05-02
stivgames.pl,4,private,ruskistevek,201,2019-04-16
tombi-gaming.com,19,public,nuriyan1979,201,2023-03-13
lilylocpa.ca,9,private,arifsaha,201,2023-04-02
cpem49neuquen.ar,19,public,cpem49neuquen,199,2023-02-24
ctrlwhk.com,13,private,wronbutton,199,2023-04-04
plen.ch,13,private,orangepeeler,198,2023-02-27
homelab1.cf,6,private,glass1,198,2018-05-05
cryptto.ru,3,private,astrovlad,198,2018-05-05
animal-tango.com,27,public,lesuspect,197,2023-04-02
smile-backk.com,6,private,paratrooperbob,197,2023-03-30
hiezely.xyz,15,private,iamfuckingnoone,196,2023-03-25
eotlef.com,8,private,jeff3866,195,2020-08-15
odontologiaenchile.cl,16,private,janfossi,195,2023-03-30
ssu.mx,4,private,hsponce,195,2023-01-15
substratm.com,9,private,damiensawyer,194,2021-10-25
fortianencs.cat,13,private,beatus,194,2023-03-09
doktorlar.uk,17,private,daban82,193,2023-03-23
zickzac.com,5,private,longtk,193,2023-04-10
lostraukos.cl,23,public,amillalen,193,2023-04-11
azcloudfreeze.cf,9,private,craveness,192,2020-10-20
hensen.io,22,private,hebury,191,2022-10-09
lys.ar,19,private,gtorres,191,2023-04-10
makepreviewcontent.xyz,7,private,jasaig,191,2018-06-18
marle.ru,4,private,astrovlad,190,2018-07-06
isakira.com,17,private,wwwadmin,190,2023-03-29
2023cai.com,23,public,bbs95968,189,2023-04-11
beekers.eu,17,public,beekerseu,189,2023-04-06
letslovemovie.com,7,private,yashiz,188,2022-06-29
nbb789.com,17,public,bbs95968,188,2023-04-11
akuntansi.asia,18,public,jenepontoakuntan,186,2023-04-14
feet-ears.info,7,private,paratrooperbob,186,2023-04-17
xanaxmc.tk,7,private,deltapsi,185,2018-05-18
dascensao.com,5,private,dpla,185,2023-01-17
vhlcnc.com,13,private,ferlou,185,2023-04-06
blooketiscool.tk,12,private,yetval1,184,2023-03-21
laubenstrom.de,10,private,torretsyndrom,184,2023-04-18
netico.ru,3,private,astrovlad,184,2018-05-19
4uneedit.com,10,private,4uneedit,183,2023-01-12
key234.com,22,public,bbs95968,183,2023-04-11
orofacialmedicin.se,10,private,dnsprofcom,183,2023-04-20
lemontnt.tk,10,private,lemontnt,182,2021-09-20
virtum.hr,11,private,zkutlesa,182,2023-01-13
banamayi.ca,8,private,zadock,182,2023-04-08
saneon.ru,3,private,astrovlad,182,2018-05-21
chuang.ml,9,private,daohang,181,2018-05-22
chuangxin.gq,9,private,daohang,181,2018-05-22
sultans.ml,7,private,lenharo,181,2022-03-11
itmwh.com,11,private,hbxslyg,181,2023-04-13
lauter-genuss.info,8,private,paratrooperbob,181,2023-04-23
poolin2mine.tk,12,public,hainakus,180,2023-02-23
estudiaencasa.ar,17,public,andresescat,180,2023-04-15
mig-non.com,6,private,paratrooperbob,180,2023-04-16
menggoda-leher.info,6,private,paratrooperbob,180,2023-04-16
fetching-collar.com,6,private,paratrooperbob,180,2023-04-16
beses-senheit.com,6,private,paratrooperbob,180,2023-04-16
cheeky-mind.com,6,private,paratrooperbob,180,2023-04-16
pack8.ml,7,private,blackcity0,180,2018-05-23
entra-casa.info,6,private,paratrooperbob,179,2023-04-17
purely-muddy.com,6,private,paratrooperbob,179,2023-04-17
thenubrokers.com,19,public,randomyed,178,2023-04-08
ptrillides.com,12,private,philippos777,178,2023-04-13
trough-black.info,8,private,paratrooperbob,178,2023-04-23
ourtech.ml,6,private,ranabhai,178,2018-05-25
neuparpol.tk,6,private,neuparpol,177,2018-05-26
shavago.ru,5,private,chugun,177,2023-03-22
mikrojebe.net,7,private,jeppex,176,2020-01-11
virtualdomainx.xyz,11,private,abcayon,176,2023-03-04
skillzhut.cf,7,private,toxamin,176,2018-05-27
etherhub.ru,4,private,astrovlad,175,2018-05-28
scooteralvarez.pl,7,private,andix84,174,2019-08-11
peer99.com,27,private,baddotdownload,174,2023-04-11
opedtw.tk,11,private,john87,173,2020-08-20
bugcaptor.net,15,private,bugcaptor,173,2023-04-30
loud-pleasure.info,6,private,paratrooperbob,173,2023-04-23
lick-sucker.info,6,private,paratrooperbob,173,2023-04-23
histoire-vraiee.com,6,private,paratrooperbob,173,2023-04-23
robe-legere.info,6,private,paratrooperbob,173,2023-04-23
corps-parlant.info,6,private,paratrooperbob,173,2023-04-23
beauty-ghost.info,6,private,paratrooperbob,173,2023-04-23
bata-azafata.com,8,private,paratrooperbob,173,2023-04-24
forums.cf,9,private,avilxion,172,2022-03-24
bouncy-chick.info,6,private,paratrooperbob,172,2023-04-24
easymat.cl,10,private,ignacio3009,172,2018-05-31
dbbb.info,11,private,lauschi75,171,2023-03-05
c0d3.ga,3,private,goji,170,2018-07-10
topixsucks.tk,7,private,roxofoxer,170,2018-07-30
malaia.no,17,private,malaiam,169,2023-04-27
eclipsum.ru,12,private,kriuchkov,169,2023-04-14
miami-latino.com,5,private,pcostagliola,168,2023-04-30
tldrgpt.net,15,private,fjmu,167,2023-05-01
webgrain.tk,9,private,seand1796,167,2018-11-05
vmc.sh,19,private,xonoticau,166,2023-05-01
cm-home.uk,17,private,cmentertainment,166,2023-05-03
unixdir.net,4,private,exazstanes1984,166,2010-07-02
simplework.cl,11,private,nestorruz,165,2023-03-24
solid-den.com,7,private,paratrooperbob,165,2023-05-08
opgamesko.tk,6,private,opgamesko,164,2018-06-08
goldgenie.ru,5,private,astrovlad,164,2018-06-08
jin-computers.space,13,public,jinnie,164,2023-04-19
pablo.ar,13,private,pableski,164,2023-05-07
axavips8.com,6,private,alexisrhodes,163,2021-12-23
sobatjarkom.xyz,17,public,sobatjarkom,163,2023-04-12
coryg.uk,17,private,coryg,162,2023-04-30
voidmango.com,14,private,voidmango,161,2023-05-12
swirl.com.my,9,private,razifhussin,160,2023-02-17
woodgiecloud.com,19,private,mwoodget,160,2023-03-25
casajk.ar,22,public,drackmania,160,2023-05-05
pyvmariela.com,14,private,pyvmariela,159,2023-05-09
sevenround.com,8,private,manyeung,158,2023-04-18
trou-profond.info,6,private,paratrooperbob,158,2023-05-08
edebolegacy.com,15,private,filatei,157,2023-03-23
tutorsdirect.net,9,private,richardpalmer,157,2023-05-10
damidero.ar,16,public,damidero1,157,2023-05-11
puliwen.ar,8,private,conmutador,157,2023-05-13
niemand.ca,14,private,pchapman12345,156,2023-03-06
chiyo.org,23,private,hmmmarisa,155,2023-05-12
madeinbakunw.tk,11,private,qaqas,155,2018-08-03
baywords.org,27,private,baddotdownload,154,2023-04-30
smr1.ga,8,private,jedgig123,153,2022-12-30
sorynov.cl,20,public,vjlema,153,2023-05-17
taichuan.tk,10,private,15916163134,152,2018-06-20
nutron.ru,3,private,astrovlad,152,2018-06-20
teasandwich.cl,6,private,creichhardt,152,2021-11-11
lsentinella.me,17,private,louissentinella,152,2023-05-14
triingenieria.cl,12,private,claudiotri,150,2022-12-20
xn--dali-ota.eu,7,private,mirandalic,150,2023-05-17
rsvpeventos.com.ar,7,private,lnatale,150,2018-08-30
avolco.cl,8,private,cborgstedt,149,2023-05-10
mito.ar,16,private,lencinash,149,2023-05-23
sajeenagurung.com.np,16,private,maheshthegreat,148,2023-02-24
kljb-feldkirchen.de,21,public,pingoin321,148,2023-05-26
honcharov.ml,7,private,rehabitandi,148,2018-06-24
suksaenergia.cl,19,public,suksa,147,2023-05-19
sevenfold.cf,12,private,sibhakdi,145,2022-03-25
bitatm.ru,3,private,astrovlad,144,2018-06-28
xkcomic.tk,21,private,pengqing,144,2023-05-13
myinfosec.net,5,private,mgmtdomain,144,2023-05-27
tomato64.org,9,private,lancethepants,143,2023-05-30
atreyu.me,4,private,tubalcaine,143,2018-08-06
megiddo.io,20,private,dransiksapoc,142,2023-05-29
parajulisantosh.com.np,2,private,santoshparajuli5,141,2018-07-01
mysakhteman.com,7,private,madadi,140,2019-06-11
lisnas.kz,19,private,lisenok,140,2023-05-31
milieu-des.info,7,private,paratrooperbob,140,2023-05-28
ambarp.net,6,private,ambarp,139,2023-05-04
npistudents.xyz,7,private,juari,139,2023-05-17
reniko.eu,8,public,zreniko,138,2023-05-31
dicas-subtis.com,6,private,paratrooperbob,138,2023-05-28
robe-diaphane.info,6,private,paratrooperbob,138,2023-05-28
quality-experience.info,6,private,paratrooperbob,138,2023-05-28
charterjet.ru,5,private,astrovlad,138,2018-07-04
ryan-mclaughlin.tk,2,private,mclgamingyt,137,2019-09-21
stop.ga,12,private,svh,137,2022-06-17
plgsync.com,18,public,nickbrick00,136,2023-06-04
isitajordyn.net,5,private,jordyn,135,2020-09-12
zaiclonet.ro,12,private,sigmacom,135,2022-03-28
rorke.me,7,private,krorke,135,2023-02-04
hamdex.ru,17,private,hamdex,134,2023-04-14
pbxrus.com,6,public,briceperdue,134,2023-05-23
hazimano.hu,24,private,amakovec,133,2023-03-10
psindustrysupply.com,13,private,randomyed,132,2023-06-01
hifrens.tk,9,public,fredodlagarza,132,2023-06-07
icoexchange.ru,3,private,astrovlad,131,2018-07-11
cryptosociety.ru,5,private,astrovlad,130,2018-07-12
servplastster.tk,8,private,pihapi,130,2019-11-18
fandi.gq,6,private,fandii,129,2021-01-12
vatthauer.xyz,12,private,leonnick,128,2023-05-23
003690.xyz,11,private,nerdpferd,128,2023-06-14
trapist.tk,7,private,trapist,127,2022-12-19
wood-pixie.info,9,private,paratrooperbob,127,2023-06-16
leonor.cf,7,private,guilomussi,127,2018-07-15
phish.ga,7,private,phmcphf,126,2018-07-16
completecomputersystems.com.au,11,private,umquam48,126,2019-01-21
endless-resses.info,7,private,paratrooperbob,126,2023-06-16
mcpi.tk,18,public,pythonscratcher,125,2023-05-30
skrypter.com,15,public,hadi21,125,2023-06-15
coinvestment.ru,4,private,astrovlad,125,2018-07-17
roimarketing.ru,3,private,astrovlad,124,2018-07-18
abogaciadigital.ar,11,private,iudicavit,124,2023-04-07
santosyadav.com.np,14,public,sandy8848,124,2023-05-30
poolbypool.se,11,private,dnsprofcom,124,2023-05-29
sajadvps.xyz,10,public,sajad67,124,2023-04-09
cozy-hole.info,7,private,paratrooperbob,124,2023-06-16
daterchips.com,4,private,jsfink,123,2023-06-14
peri-emas.info,8,private,paratrooperbob,123,2023-06-15
meinnetz.tk,10,private,habibch,121,2022-04-16
kanti.tk,7,private,gunjique,120,2021-04-24
hoch-home.ch,10,private,julianhoch,120,2023-03-24
veganotaku.com,4,private,andrijeski,119,2023-04-07
ailabs.ar,10,private,ivfloyd,119,2023-06-08
bestes-angebott.info,6,private,paratrooperbob,119,2023-06-16
fata-della.com,6,private,paratrooperbob,119,2023-06-16
gezellig-gat.com,6,private,paratrooperbob,119,2023-06-16
night-ecstasy.info,6,private,paratrooperbob,119,2023-06-16
international-dance.info,6,private,paratrooperbob,119,2023-06-16
mysterious-encounter.info,6,private,paratrooperbob,119,2023-06-16
underwater-worldd.com,6,private,paratrooperbob,119,2023-06-16
artist-pool.tk,7,private,blueevolution,119,2018-11-20
tincture.gq,10,private,forbiddensoul,118,2021-04-26
canvapro4free.cf,11,private,steprotech,118,2023-06-16
hodlem.in,4,private,xrchz,117,2023-04-20
nghia.cyou,8,public,xlyoko,117,2023-06-25
phonyy.info,8,private,paratrooperbob,117,2023-06-25
kellysmith.tk,6,private,darthphathom,116,2018-07-26
fastrbt74.ru,7,private,opferk,115,2023-05-17
superorbita.com,24,private,guisan,114,2023-05-29
mgrogu.com,15,private,pnester,114,2023-06-27
kongineer.com,8,private,gio2000kr,114,2023-06-28
willmertens.com,16,private,willmertens,113,2023-04-12
oxfordthaifoundation.net,11,private,jaturonsupasri,113,2023-06-28
wnosfera.com,6,private,mardonet,112,2023-05-26
van-hoogstraten.org,9,private,davevh,111,2023-06-10
okami-no-tochi.com,6,private,lamina022,111,2023-06-27
crazy-experiment.info,6,private,paratrooperbob,111,2023-06-24
palomadi.ar,8,public,polyar,110,2023-06-29
apflkchn.tk,6,private,hypertntclown2,109,2022-03-11
rafalchelpa.com,24,private,ryach,108,2023-05-31
bamb.tk,7,private,bambloaded,108,2018-08-03
biohappy.ru,4,private,astrovlad,108,2018-08-03
mysterious-fog.info,6,private,paratrooperbob,107,2023-06-28
unusual-unification.info,6,private,paratrooperbob,107,2023-06-28
it-wiz.de,3,private,ioanp,106,2020-05-31
kyoei-seiki.com,11,private,garyleung2007,106,2023-06-04
pentafon.net,34,public,pentafon,106,2023-07-05
codecurrents.xyz,9,private,miek770,106,2023-07-04
cyrileng.com,10,private,cyrileng,105,2018-08-06
pdassistant.com.mx,11,private,softdevs18,104,2018-08-07
kangwoo-parts.com,11,private,garyleung97,104,2023-05-22
sifbros.ro,8,private,florinsule,104,2023-06-08
browbar.ar,19,public,mpalavecino,103,2023-07-06
l-ro3b.cf,6,private,amrram,102,2018-08-09
westportsosa.ml,7,private,westportsit,102,2019-06-13
catslave.org,13,private,ktulx,102,2023-05-30
ericl.info,12,private,epl692,101,2022-12-12
pirkpapildus.lt,9,private,pirkpapildus,101,2023-07-03
ebco.ru,3,private,astrovlad,101,2018-08-10
rijavec.si,18,private,rico,100,2022-01-25
activosyrentas.cl,14,private,gvaldesrccl,99,2022-01-26
phibre.ch,5,private,19852022,99,2023-06-28
fortunateisles.tk,7,private,xilage,99,2018-08-29
zombiefork.co.uk,11,private,c0m47053,98,2023-06-14
wyfsi.ga,13,private,andrestork,97,2023-02-28
abmx.us,23,private,mygnetlinux,97,2023-06-22
advance-hosting.com,10,private,hotthai,97,2023-07-01
dimp.cc,5,private,dimpr,96,2022-11-26
kahlbald.es,9,private,juanpedro225,96,2023-07-11
maxisbroadband.ga,17,private,hikarukenshin,95,2022-07-04
belowxero.net,16,public,codexer0,95,2023-07-09
ospl.ar,8,private,ramsesflb,95,2023-06-29
hecatombserial.com,13,private,pikajude,94,2023-03-23
bs0dd.net,20,public,bs0dd,94,2023-07-09
ascii.tk,9,private,porlam,93,2022-12-29
cuppydog.net,6,private,cakemask,93,2023-07-20
sanicki.com,20,public,sanicki,92,2023-06-30
anashoff.ru,5,private,anashoff,91,2023-06-16
fleetct.com,17,private,jaysonpriest,91,2023-07-16
victori.ml,10,private,victorybet,90,2022-03-08
avaldaliso.es,3,private,anacondo,90,2023-07-16
todotrabajo.ar,16,public,todotrabajoar,89,2023-07-18
lookb.cl,11,private,timo194,89,2018-11-20
daslabor.cl,12,private,claudisimo,87,2023-03-18
centralinvestmentplaza.ro,10,private,raint,87,2023-07-24
mcpi.cc,5,private,pythonscratcher,87,2023-05-29
frontblock.me,10,private,frontblock,87,2019-05-08
actifit.ru,3,private,astrovlad,86,2018-08-25
excavaciones.ar,10,private,oevidns2,86,2023-04-25
stdlib.eu,3,private,hugorodrigues,85,2021-12-17
jk.al,24,public,jusoren,85,2023-07-25
kallirepo.cf,12,private,nemcio,84,2023-06-22
haltboot.com.br,12,public,eligton,84,2023-06-07
adnetbr.com.br,6,private,fogaca,84,2023-06-16
turanuk.club,8,private,turanuk,84,2019-04-14
picoloiseau.com,5,private,godemptiness,83,2021-05-31
xn--mgbph6fta.my,4,private,razifhussin,83,2023-07-13
open-sky.org,21,public,howardcw,83,2023-07-30
noble.sx,12,public,leenoble,82,2023-07-26
scanpage.cl,10,private,zort,82,2023-07-31
kaonbroadband.my,22,private,hikarukenshin,81,2023-07-04
fununknowns.com,13,private,cstdio,81,2023-07-18
mazovec.ru,12,public,asmazovec,81,2023-07-30
rdstudio.tw,6,private,richarlin,80,2018-08-31
joy-x.space,3,private,emilsong,80,2023-04-08
owouw.us,16,private,lukasexists,79,2023-07-25
northcountrysteel.net,9,private,chreeper,79,2023-07-06
teambff.de,23,public,br4mmy,78,2023-08-04
impactelements.co.za,3,private,reonsm,77,2021-11-24
faraonov.com,25,public,faraonov,77,2023-07-27
vlcpro.cl,9,private,janoleinn,76,2023-05-06
labofnano.com,10,private,fesfesfsfes,76,2023-07-19
0x80.info,7,private,0x3301,76,2023-08-06
iogen.cf,8,private,1jpark,75,2023-08-02
zeekool365.nl,4,private,supercrisz,75,2023-08-04
so-special.tk,14,private,navalsachinpawar,74,2020-05-23
4x90.xyz,8,private,stelip,74,2023-07-20
derocraft.tk,7,private,soybonipvp,73,2021-02-01
itparadiis.eu,17,public,boryx,72,2023-07-31
ailearningshub.com,10,private,vmighiu,72,2023-08-10
lipolaser.ru,4,private,astrovlad,72,2018-09-08
ramachat.tk,4,private,ramaserver,72,2018-09-08
rhubit.cl,17,private,belze,71,2023-05-30
kiosspulsa.com,2,private,azubenko,70,2018-09-10
demochaos.ga,6,private,dkhwong,70,2018-09-10
progress-idea.cf,6,private,mishel07figaro,69,2021-06-14
humdrumbun.ml,4,private,jreyes459,69,2022-04-21
redtah.com,14,private,redtah,69,2023-08-07
totano.xyz,5,private,kimbaras,69,2023-08-11
devcan.org,18,public,builders,68,2023-07-16
sics.ar,12,public,lgiacomodonatto,68,2023-08-04
theminesquadnetwork.cf,9,private,cjpalgaming,68,2018-09-15
drova326.ru,5,private,drova326,67,2023-08-01
yourfreedom.ml,6,private,jean86,66,2022-06-28
zethan.com,6,private,shinnkyo,66,2023-07-25
miasasuperofertas.com,19,private,erickmtzr69,66,2023-08-16
appinfoweb.in,11,private,madhav4120,65,2023-07-29
drumming.ru,4,private,astrovlad,64,2018-09-16
xcomfort.ru,4,private,astrovlad,64,2018-10-24
kyra.ar,9,private,tomasdozo,63,2023-07-19
gisco.ru,4,private,astrovlad,61,2018-10-26
rexonapowers8.com,8,private,medot1,60,2020-04-06
easychargebatteries.com,15,public,dnsrental6,59,2023-08-23
lazurka.info,10,private,malec,58,2023-06-29
unawaker.com,4,private,victoraudreyolaf,58,2023-08-12
bitsurf.ru,4,private,astrovlad,58,2018-09-22
diffusethe.net,18,private,baddotdownload,57,2023-08-05
redlab0.dk,7,private,krsean,56,2023-07-15
salvogs.it,11,private,salvo09200,56,2023-08-17
ruta-b.ml,7,private,rutab,56,2018-11-26
unholyzen.com,3,private,unholyzen,55,2023-06-27
kaspichan.org,19,public,obshtina,54,2023-08-18
serasi.or.id,14,private,ariyabayu,54,2023-08-28
sorinpavel.ro,9,private,sorinpavel,53,2018-09-27
enveco.ru,3,private,astrovlad,53,2018-09-27
misto.hr,14,public,marko2304,53,2023-08-24
karma24.sk,12,private,newmediagroup,52,2023-08-10
raidthe.net,18,private,baddotdownload,52,2023-08-10
richboisvert.net,7,private,richboisvert,51,2023-07-28
sendeski.com.br,3,private,toddynho,51,2023-08-14
ahalmeida.net,9,private,ploquets,51,2023-08-27
slowlydying.club,8,private,yilomars,50,2023-07-31
eastgrain.rs,14,private,zsokos,49,2023-08-28
simiromba.org,15,public,softcontrol,49,2023-09-01
saczbasahadas.gq,11,private,umoeraemmanuel,49,2018-11-08
jezicnistudio.hr,12,public,vivcevic,48,2023-08-22
treckadvance.com,9,private,treckadvance,47,2022-05-19
azhenlong.com,12,private,mopen6072,47,2023-09-01
kristjanb.ga,4,private,kristjanb,46,2022-03-24
datecollectors.info,6,private,paratrooperbob,46,2023-08-28
viralnow.asia,9,private,erwinsisetan,46,2018-10-04
joancatala.net,15,private,joancatala,45,2023-08-31
zilecraft.ml,7,private,xicehosting,44,2020-12-28
pjsrv.ru,8,private,pjcom,44,2023-08-13
malandry.com,11,private,1legality,44,2023-08-24
synerymain.ml,6,private,rhino0448,44,2018-10-06
daterchip.com,5,private,jsfink,43,2023-06-14
url-to.info,8,private,toraptor7,42,2023-08-30
trueup.tk,7,private,trueup,41,2021-07-12
creedcollective.com,4,private,regularguy,41,2023-09-04
botttify.com,17,private,parvizk,40,2023-01-20
amq.li,10,public,domainmisc,40,2023-09-10
meubi.ml,12,private,felipe10sb,40,2019-07-03
thorntoncline.com,23,private,bridgetti,39,2023-08-26
inspi-rational.info,8,private,paratrooperbob,39,2023-09-12
frostbite.cc,14,public,robnew,38,2023-09-08
stuffsoft.ru,9,public,kokkonen1976,38,2023-09-11
csordasdavid.hu,12,private,crosman95,37,2023-01-21
lattmatt.com,13,private,lattmatt,37,2023-08-06
lhs-dev.com,10,private,kadenlucas,37,2023-09-05
sempa.ru,3,private,astrovlad,37,2018-10-13
noorsaraa.ir,6,private,zeinab,37,2018-10-13
wmgserver.ga,7,private,beastmichellejk,36,2018-10-16
grandstarconstructions.com.au,13,private,dstand,36,2021-02-13
gianlucasordi.it,14,private,honorisp,36,2023-08-24
sunskuy.com,9,private,sunskuy,36,2023-08-13
pdachile.cl,12,private,pdachile,35,2022-01-24
splatteredgrace.com,11,private,simonhill55,35,2023-09-05
sportno-drustvo.tk,6,private,mihastreznik,35,2018-10-15
hugoboss.cf,8,private,hugowina,35,2018-10-15
arvik.ru,3,private,astrovlad,34,2018-10-16
takeet.ru,14,private,usmanskey,34,2019-04-07
kabardermayu.com,8,private,arul666,34,2021-11-07
nightscoutfree.com,11,private,joshbohmer,33,2023-08-24
be-m.tk,7,private,blueevolution,33,2019-02-14
aljaobreza.tk,9,private,aljaobreza,32,2020-05-06
jnp-solutions.com,12,private,jakobvinatzer,31,2020-03-24
caobofamily.tk,9,private,13792965587,31,2022-03-30
dene.sh,3,private,thetuberbee,31,2023-09-14
lovely-compliments.info,6,private,paratrooperbob,31,2023-09-12
mountainforgevt.com,7,private,williamjestes101,31,2023-09-15
serfas.ru,4,private,astrovlad,30,2018-10-20
todoenvios.tk,11,private,speedhosted,29,2020-06-27
ebf.io,13,private,ebfio,29,2023-08-30
quetzalcreativa.ml,7,private,jravest,28,2022-11-06
anomalouslucidity.com,8,private,anomalousadmin,28,2023-09-20
unasavacza.cf,9,private,umoeraemmanuel,28,2018-10-22
yanjiarui.net,10,private,jerryyanmj,27,2023-09-05
dalnet-america.tk,7,private,navalsachinpawar,26,2020-04-13
mirumir.net,9,private,rhsrhsdl,26,2023-09-04
danglh.com,9,public,haleda,26,2023-09-21
qqmirror.gq,8,private,qqmovies,26,2018-10-24
compare-harga.tk,6,private,tonimorse0,26,2018-10-24
oktare.tk,6,private,oktare,25,2018-12-04
rabota.com.ru,12,private,galll,25,2020-05-21
biezetta.org,8,private,kerensekali,24,2022-03-28
intelisist.cl,17,public,clasking,24,2023-09-18
kjgom.net,13,public,karlosjota,24,2023-09-25
auren.ru,3,private,astrovlad,24,2018-10-26
fitdog.ru,3,private,astrovlad,23,2018-10-27
pernosajax.cl,9,private,dbrauning,23,2023-08-16
simusca.sg,5,private,simuscanifbsk,22,2023-09-28
nunaya.org,10,private,bobdbobd,22,2023-09-26
chty.ar,13,private,jonfdm,21,2023-08-13
jokowii14.com,7,private,imamanu2,20,2020-05-20
everyapp.info,7,private,resakra,20,2023-09-26
sintonia.ru,3,private,astrovlad,20,2018-10-30
auroma.ru,3,private,astrovlad,19,2018-10-31
viatrans.ru,3,private,astrovlad,19,2018-10-31
elsalvadormundial.com,16,public,marianocalle,19,2023-09-30
emilienne.tk,5,private,proulx417,18,2020-01-04
201291.xyz,9,private,mladenito,18,2023-09-14
freecloud.no,8,private,fivel,18,2023-10-03
jigtempest.tk,8,private,jimmytempest,17,2020-11-09
mstrsalazar.info,8,private,mstrsalazar,17,2023-02-11
jlsoyt.tk,11,private,soyt,17,2019-02-28
ashpixcraft.tk,8,private,csgoer11,16,2019-06-05
xzbb1.xyz,3,private,maggieni,16,2023-04-24
ghen.ar,8,private,chr911,16,2023-09-23
redstealthalix.tk,7,public,redstealthalix,15,2020-09-24
c-jfv.xyz,9,private,juan26felipe,15,2023-09-07
cantrell.tk,12,private,andrewcantrell2,15,2019-03-08
numerodooss.tk,3,private,javyolo,14,2021-10-01
xcxvc.com,14,public,antonmcclure,14,2023-10-03
eliteenterprises.xyz,8,private,eliteenterprises,13,2023-09-13
dhirajdhakal.com.np,9,public,9842389049,13,2023-10-05
starkthings.gq,4,private,magnataeffects,13,2019-06-16
popps.tk,13,private,zed789,13,2019-08-08
uspeh78.ru,10,private,uspeh,12,2019-10-31
sergeybay.com,7,private,rpruey3,12,2023-09-29
sysop.cl,17,private,r3tr0g4m3r,11,2023-08-11
saczbasahadas.cf,9,private,umoeraemmanuel,11,2018-11-08
verandacafe.ru,3,private,astrovlad,10,2018-11-09
casamana.ga,10,private,umoeraemmanuel,10,2018-11-09
shadros.com,9,private,ershad89,9,2023-07-14
komor.bid,8,public,satanprime,9,2023-10-10
notturno.ga,15,private,diabolik89,8,2020-11-22
sureshdahal.com.np,8,private,akeemwylki,7,2020-01-26
andresontiverosfmx.tk,8,private,ysp0lur,7,2022-02-27
culturaytecno.ar,3,private,juanjoseflores,7,2023-09-27
qjdy.net,7,public,joviqiao,7,2023-10-11
leaguetech.com.my,8,private,leaguetechnology,7,2023-10-13
mediaquest.com.my,15,public,ktp9561,7,2023-10-13
mark-u-rito-hoce.ga,6,private,slurpramen,7,2018-11-12
njustice.ca,4,private,melanee,7,2019-05-16
predsednikpahor.tk,5,private,matejpahor1,6,2019-06-06
reedk.tk,3,private,badsai,6,2020-08-11
mskms.tk,2,private,human520,6,2016-06-23
saba.sh,10,private,blackbox440,6,2023-10-09
abao.ga,6,private,e26174222,5,2020-03-17
spookyzeitgei.st,5,private,zeitgesit,5,2020-07-16
pencil67.ru,7,private,targetina,5,2020-12-23
reaperpvp.ga,9,private,reaperpvp,5,2021-01-27
shutnoshut.net,7,private,sudo935,5,2023-01-21
rovor.com,9,private,tgarlick,5,2023-10-07
kittel.ru,3,private,astrovlad,5,2018-11-14
gallag.ga,3,private,gababites,4,2019-05-28
suddendeath.ml,9,private,lcnet,4,2020-06-05
spock.info,8,private,runnybarak,4,2023-09-23
bitsofbeard.com,10,private,bitsofbeard,4,2023-10-12
lebedevphoto.ru,8,public,olebedev22,4,2023-10-15
d3v-host.net,15,private,terry327,3,2020-02-15
punked.ro,6,private,sipospaul,3,2021-02-11
solatek.tk,7,private,mrtunglam,3,2021-06-15
jbdiablo.club,9,private,jbdiablo,3,2022-08-14
desarrolloproveedoresqro.com,11,private,softdevs18,3,2023-09-17
loker-smg.cf,6,private,saebo,3,2018-11-16
semaker.ml,6,private,saebo,3,2018-11-16
dancebar.ru,3,private,astrovlad,3,2018-11-16
roccostudio.com,9,private,zacharylam,3,2019-03-12
adsmuze.com,8,private,adsmuze,2,2019-03-20
mironov.ml,6,private,mirlex,2,2019-09-18
collierlee.com,18,private,collierjlee,2,2020-07-19
lynxmc.cf,8,private,nacho555,2,2021-01-18
frutyone.ru,7,private,antifruct,2,2021-12-11
bbuugg.cf,9,private,hase555,2,2022-08-23
utag.bz,5,private,htmlbase,2,2023-06-08
wa-gateway.com,9,private,khamdan,2,2023-06-21
merryweather.cf,12,private,laneomi,2,2023-09-19
palmerf.com,6,private,palmerforrest,2,2023-10-05
arawato.pro,9,public,94002717,2,2023-10-19
johnsonsbaby2.com,7,private,shinzui1,1 day ago (04/06/2020)
rexonapowers9.com,7,private,medot1,1 day ago (04/06/2020)
emeraldkebun3.com,7,private,aquage1,1 day ago (04/07/2020)
vietnammc.ml,8,private,rangelito,1 day ago (04/19/2020)
komp78.ru,10,private,komp78,1 day ago (05/14/2020)
centralcore.pl,10,private,eeemeee,1 day ago (06/12/2020)
barsurl.com,11,private,cholezooza,1 day ago (07/10/2020)
tpgcc.ml,6,private,gregarforte,1 day ago (07/29/2020)
yxdisk.ru,4,private,lucerov,1 day ago (09/23/2020)
zumito.tk,7,private,zumito1978,1 day ago (01/17/2021)
ddns.homelabs.io,6,public,tr00pert,1 day ago (03/24/2021)
jonggolde.tk,6,private,jogyanya,1 day ago (10/10/2021)
betostream.tk,8,private,srazule,1 day ago (01/26/2022)
menerossi.xyz,7,private,menerossi,1 day ago (07/05/2022)
portal-market.cl,10,private,ehasbunc,1 day ago (01/07/2023)
pouriray3.ml,13,private,pouria007,1 day ago (01/28/2023)
fableveil.com,10,private,fableveil,1 day ago (08/17/2023)
paxisoft.com,3,private,sripaksidn,1 day ago (10/02/2023)
linxy.eu,5,private,jontsefi,1 day ago (10/19/2023)
ttnetwork.ml,7,private,zackogenic,1 day ago (02/12/2019)
exsoli.cl,12,private,bleon98,1 day ago (05/04/2019)
reevo.cf,6,private,loppyjames,1 day ago (08/30/2019)
martinhuang.ga,7,private,skissl2004,0,2018-11-20
immortality.cf,7,private,matrixgaming223,0,2018-11-26
herorush.tk,7,private,thejokerdev,0,2018-12-19
volamcokiem.tk,5,private,thanhkent271,0,2019-01-11
anyfree.ga,5,private,odr001,0,2019-02-12
blopexlandia.cf,7,private,daoez,0,2019-02-15
taroristen.ml,7,private,thedens,0,2019-02-21
ptbot.tk,7,private,dojomast3r,0,2019-03-17
ultraxmc.tk,7,private,ultraxmcnetwork,0,2019-03-29
traffic-violation.tk,3,private,longtn52,0,2019-05-03
latinpolis.tk,7,private,larecalcadaconch,0,2019-05-11
westbyte.ml,8,private,larecalcadaconch,0,2019-05-16
manjot.tk,6,private,manjotsc,0,2019-05-29
wprop.com.ar,11,private,phaws,0,2019-06-10
thibeault.ml,8,private,qthibeault,0,2019-07-13
ptypages.ga,5,private,wariok1,0,2019-09-19
taifotos.com,4,private,guioliver,0,2019-09-27
spartaovh.ml,8,private,vsppapap,0,2019-10-27
cook-good-food.ga,7,private,starhawk,0,2020-01-02
buymc.cf,6,private,jonoleviathan,0,2020-02-26
dcgamers.info,7,private,mihaela01,0,2020-03-09
servernico.ml,7,private,zstf,0,2020-03-23
valkyirie.cf,7,private,thereadistortion,0,2020-04-14
instickh.cf,7,private,lolaso7w72342412,0,2020-06-04
findpacket.ml,10,private,findpacket,0,2020-06-07
gerber-web.ch,15,private,orionexodus,0,2020-06-23
ultracube.ml,8,private,rcnw,0,2020-06-24
cornerstonehomesaugusta.com,7,private,mtarasuik,0,2020-07-27
mineflexy.tk,7,private,mgp0153,0,2020-09-13
springcraft.cf,7,private,dgpo14,0,2020-11-06
wechatgzh.ga,6,private,l1534542119,0,2020-11-16
qpie.ml,7,private,211212123,0,2020-11-30
mache.tk,6,private,palex123321123,0,2020-12-23
coaxium.ml,7,private,gnudoux,0,2021-02-06
alot0yvolao.tk,7,private,aased,0,2021-02-16
chamdemy.ml,6,private,chammy23,0,2021-05-28
oldtuna.tk,7,private,liunas,0,2021-10-01
6x1lj1byuzba14ia.cf,6,private,jteijeiro,0,2021-10-17
hotel-plus.ga,6,private,aymanhsalem,0,2021-11-02
npsproxy.ml,6,private,dnsxujcxytk,0,2021-12-05
uhduih.xyz,3,private,1321538808,0,2022-02-13
sysengi.ru,1,private,rasl2009,0,2022-06-20
kelewl.cc,2,private,940643152,0,2022-08-05
ozelsobeanaokulu.com.tr,12,private,sadhero,0,2023-01-09
whwww.tk,7,private,wuwei967,0,2023-03-05
wrin.cc,10,private,ccccamden,0,2023-05-31
osmioblak.hr,10,private,kirev,0,2023-06-04
qrcodepr.com,6,private,fpach3co,0,2023-08-04
beardiebook.com,16,private,moddinman,0,2023-08-09
pepyit.com,6,private,manuk,0,2023-09-17
pilotage.ro,6,private,kdudns,0,2023-09-27
lcdr.club,6,private,rodrigoirala,0,2023-09-30
pe-test.ru,11,private,chief4tm,0,2023-10-07
viplounge.si,4,private,blackhand,0,2023-10-12
iznotben.me,2,private,iznotben,0,2023-10-14
jasites.net,6,private,programmusik,0,2023-10-15
taroristen.ml,7,private,thedens,0,2019-02-21
ptbot.tk,7,private,dojomast3r,0,2019-03-17
ultraxmc.tk,7,private,ultraxmcnetwork,0,2019-03-29
traffic-violation.tk,3,private,longtn52,0,2019-05-03
latinpolis.tk,7,private,larecalcadaconch,0,2019-05-11
westbyte.ml,8,private,larecalcadaconch,0,2019-05-16
manjot.tk,6,private,manjotsc,0,2019-05-29
wprop.com.ar,11,private,phaws,0,2019-06-10
thibeault.ml,8,private,qthibeault,0,2019-07-13
ptypages.ga,5,private,wariok1,0,2019-09-19
taifotos.com,4,private,guioliver,0,2019-09-27
spartaovh.ml,8,private,vsppapap,0,2019-10-27
cook-good-food.ga,7,private,starhawk,0,2020-01-02
buymc.cf,6,private,jonoleviathan,0,2020-02-26
dcgamers.info,7,private,mihaela01,0,2020-03-09
servernico.ml,7,private,zstf,0,2020-03-23
valkyirie.cf,7,private,thereadistortion,0,2020-04-14
instickh.cf,7,private,lolaso7w72342412,0,2020-06-04
findpacket.ml,10,private,findpacket,0,2020-06-07
gerber-web.ch,15,private,orionexodus,0,2020-06-23
ultracube.ml,8,private,rcnw,0,2020-06-24
cornerstonehomesaugusta.com,7,private,mtarasuik,0,2020-07-27
mineflexy.tk,7,private,mgp0153,0,2020-09-13
springcraft.cf,7,private,dgpo14,0,2020-11-06
wechatgzh.ga,6,private,l1534542119,0,2020-11-16
qpie.ml,7,private,211212123,0,2020-11-30
mache.tk,6,private,palex123321123,0,2020-12-23
coaxium.ml,7,private,gnudoux,0,2021-02-06
alot0yvolao.tk,7,private,aased,0,2021-02-16
chamdemy.ml,6,private,chammy23,0,2021-05-28
oldtuna.tk,7,private,liunas,0,2021-10-01
6x1lj1byuzba14ia.cf,6,private,jteijeiro,0,2021-10-17
hotel-plus.ga,6,private,aymanhsalem,0,2021-11-02
npsproxy.ml,6,private,dnsxujcxytk,0,2021-12-05
uhduih.xyz,3,private,1321538808,0,2022-02-13
sysengi.ru,1,private,rasl2009,0,2022-06-20
kelewl.cc,2,private,940643152,0,2022-08-05
ozelsobeanaokulu.com.tr,12,private,sadhero,0,2023-01-09
whwww.tk,7,private,wuwei967,0,2023-03-05
wrin.cc,10,private,ccccamden,0,2023-05-31
osmioblak.hr,10,private,kirev,0,2023-06-04
qrcodepr.com,6,private,fpach3co,0,2023-08-04
beardiebook.com,16,private,moddinman,0,2023-08-09
pepyit.com,6,private,manuk,0,2023-09-17
pilotage.ro,6,private,kdudns,0,2023-09-27
lcdr.club,6,private,rodrigoirala,0,2023-09-30
pe-test.ru,11,private,chief4tm,0,2023-10-07
viplounge.si,4,private,blackhand,0,2023-10-12
iznotben.me,2,private,iznotben,0,2023-10-14
jasites.net,6,private,programmusik,0,2023-10-15
